{
  "methods": [
    "tree_models",
    "optuna",
    "stacking"
  ],
  "run_name": "catboost__xgboost",
  "validation": {
    "input_rows": 9881,
    "prediction_columns": [
      "pred_catboost",
      "pred_xgboost"
    ],
    "weights": {
      "equal": {
        "pred_catboost": 0.5,
        "pred_xgboost": 0.5
      },
      "optimized": {
        "pred_catboost": 0.5457875708461357,
        "pred_xgboost": 0.4542124291538644
      }
    },
    "models": {
      "catboost": {
        "log_scale": {
          "rmse": 0.18402986951028294,
          "mae": 0.1312801303699409,
          "r2": 0.9243591347884701
        },
        "ratio_scale": {
          "ratio_rmse": 1.1472738998741479,
          "ratio_mae": 0.6909062779525325,
          "ratio_mean_error": 0.08350759690240574
        }
      },
      "xgboost": {
        "log_scale": {
          "rmse": 0.18433904995680434,
          "mae": 0.13100702619456764,
          "r2": 0.92410475953945
        },
        "ratio_scale": {
          "ratio_rmse": 1.173427019700242,
          "ratio_mae": 0.6968849115319923,
          "ratio_mean_error": 0.11857975099924811
        }
      },
      "ensemble_equal": {
        "log_scale": {
          "rmse": 0.1833385023079991,
          "mae": 0.1305658141994354,
          "r2": 0.9249264055351168
        },
        "ratio_scale": {
          "ratio_rmse": 1.1533002910040568,
          "ratio_mae": 0.6910961803181473,
          "ratio_mean_error": 0.10211931021243864
        }
      },
      "ensemble_weighted": {
        "log_scale": {
          "rmse": 0.18333139134532253,
          "mae": 0.13057632840414599,
          "r2": 0.9249322290273856
        },
        "ratio_scale": {
          "ratio_rmse": 1.1521094000369023,
          "ratio_mae": 0.6907943215290016,
          "ratio_mean_error": 0.10050616146529599
        }
      }
    }
  },
  "test": {
    "input_rows": 9074,
    "prediction_columns": [
      "pred_catboost",
      "pred_xgboost"
    ],
    "weights": {
      "equal": {
        "pred_catboost": 0.5,
        "pred_xgboost": 0.5
      },
      "optimized": {
        "pred_catboost": 0.5457875708461357,
        "pred_xgboost": 0.4542124291538644
      }
    },
    "models": {
      "catboost": {
        "log_scale": {
          "rmse": 0.1822482923048892,
          "mae": 0.13157319038254786,
          "r2": 0.9303459694948302
        },
        "ratio_scale": {
          "ratio_rmse": 1.1746042545773019,
          "ratio_mae": 0.7018385183307175,
          "ratio_mean_error": 0.08122555757137954
        }
      },
      "xgboost": {
        "log_scale": {
          "rmse": 0.18444265364473356,
          "mae": 0.13222000630900205,
          "r2": 0.9286585321873004
        },
        "ratio_scale": {
          "ratio_rmse": 1.2075783596809653,
          "ratio_mae": 0.7129082694703345,
          "ratio_mean_error": 0.09710848859125111
        }
      },
      "ensemble_equal": {
        "log_scale": {
          "rmse": 0.18242292358381684,
          "mae": 0.13128148835101464,
          "r2": 0.9302124198195904
        },
        "ratio_scale": {
          "ratio_rmse": 1.1838974382184972,
          "ratio_mae": 0.7041119938354059,
          "ratio_mean_error": 0.09024552111458303
        }
      },
      "ensemble_weighted": {
        "log_scale": {
          "rmse": 0.18232970090667003,
          "mae": 0.13125763022298262,
          "r2": 0.9302837279931333
        },
        "ratio_scale": {
          "ratio_rmse": 1.1824450689335912,
          "ratio_mae": 0.7036048444078313,
          "ratio_mean_error": 0.08950889030639655
        }
      }
    }
  }
}