{
  "methods": [
    "tree_models",
    "optuna",
    "stacking"
  ],
  "run_name": "catboost__lgbm__xgboost__optuna_lgbm__stacking",
  "validation": {
    "input_rows": 9881,
    "prediction_columns": [
      "pred_catboost",
      "pred_lgbm",
      "pred_xgboost",
      "pred_optuna_lgbm",
      "pred_stacking"
    ],
    "weights": {
      "equal": {
        "pred_catboost": 0.2,
        "pred_lgbm": 0.2,
        "pred_xgboost": 0.2,
        "pred_optuna_lgbm": 0.2,
        "pred_stacking": 0.2
      },
      "optimized": {
        "pred_catboost": 0.041476843260798674,
        "pred_lgbm": 0.20231926471240205,
        "pred_xgboost": 0.055092274006550264,
        "pred_optuna_lgbm": 0.6361981891690653,
        "pred_stacking": 0.0649134288511837
      }
    },
    "models": {
      "catboost": {
        "log_scale": {
          "rmse": 0.18402986951028294,
          "mae": 0.1312801303699409,
          "r2": 0.9243591347884701
        },
        "ratio_scale": {
          "ratio_rmse": 1.1472738998741479,
          "ratio_mae": 0.6909062779525325,
          "ratio_mean_error": 0.08350759690240574
        }
      },
      "lgbm": {
        "log_scale": {
          "rmse": 0.18431929549222376,
          "mae": 0.1308637256055685,
          "r2": 0.924121025105603
        },
        "ratio_scale": {
          "ratio_rmse": 1.1587677073544498,
          "ratio_mae": 0.6927793228406177,
          "ratio_mean_error": 0.09645134471944164
        }
      },
      "xgboost": {
        "log_scale": {
          "rmse": 0.18433904995680434,
          "mae": 0.13100702619456764,
          "r2": 0.92410475953945
        },
        "ratio_scale": {
          "ratio_rmse": 1.173427019700242,
          "ratio_mae": 0.6968849115319923,
          "ratio_mean_error": 0.11857975099924811
        }
      },
      "optuna_lgbm": {
        "log_scale": {
          "rmse": 0.182570521679629,
          "mae": 0.1301192576910509,
          "r2": 0.925554034874514
        },
        "ratio_scale": {
          "ratio_rmse": 1.1413781854341953,
          "ratio_mae": 0.6852257490967316,
          "ratio_mean_error": 0.10307360045694254
        }
      },
      "stacking": {
        "log_scale": {
          "rmse": 0.18381410750364285,
          "mae": 0.12959340990081436,
          "r2": 0.9245363979429079
        },
        "ratio_scale": {
          "ratio_rmse": 1.1455484224822199,
          "ratio_mae": 0.6845028838382702,
          "ratio_mean_error": 0.024590639587599775
        }
      },
      "ensemble_equal": {
        "log_scale": {
          "rmse": 0.1826396050280281,
          "mae": 0.12970031117070477,
          "r2": 0.9254976845992267
        },
        "ratio_scale": {
          "ratio_rmse": 1.143465855600609,
          "ratio_mae": 0.6853018950899097,
          "ratio_mean_error": 0.08669382095304094
        }
      },
      "ensemble_weighted": {
        "log_scale": {
          "rmse": 0.18221508410213658,
          "mae": 0.12954307696336198,
          "r2": 0.9258436230900532
        },
        "ratio_scale": {
          "ratio_rmse": 1.139187851193304,
          "ratio_mae": 0.6828522619371112,
          "ratio_mean_error": 0.09784435955511792
        }
      }
    }
  },
  "test": {
    "input_rows": 9074,
    "prediction_columns": [
      "pred_catboost",
      "pred_lgbm",
      "pred_xgboost",
      "pred_optuna_lgbm",
      "pred_stacking"
    ],
    "weights": {
      "equal": {
        "pred_catboost": 0.2,
        "pred_lgbm": 0.2,
        "pred_xgboost": 0.2,
        "pred_optuna_lgbm": 0.2,
        "pred_stacking": 0.2
      },
      "optimized": {
        "pred_catboost": 0.041476843260798674,
        "pred_lgbm": 0.20231926471240205,
        "pred_xgboost": 0.055092274006550264,
        "pred_optuna_lgbm": 0.6361981891690653,
        "pred_stacking": 0.0649134288511837
      }
    },
    "models": {
      "catboost": {
        "log_scale": {
          "rmse": 0.1822482923048892,
          "mae": 0.13157319038254786,
          "r2": 0.9303459694948302
        },
        "ratio_scale": {
          "ratio_rmse": 1.1746042545773019,
          "ratio_mae": 0.7018385183307175,
          "ratio_mean_error": 0.08122555757137954
        }
      },
      "lgbm": {
        "log_scale": {
          "rmse": 0.1859085116466475,
          "mae": 0.1326391466738368,
          "r2": 0.9275200534232623
        },
        "ratio_scale": {
          "ratio_rmse": 1.220937827673896,
          "ratio_mae": 0.7150262535426576,
          "ratio_mean_error": 0.09878867895433951
        }
      },
      "xgboost": {
        "log_scale": {
          "rmse": 0.18444265364473356,
          "mae": 0.13222000630900205,
          "r2": 0.9286585321873004
        },
        "ratio_scale": {
          "ratio_rmse": 1.2075783596809653,
          "ratio_mae": 0.7129082694703345,
          "ratio_mean_error": 0.09710848859125111
        }
      },
      "optuna_lgbm": {
        "log_scale": {
          "rmse": 0.18395613771537828,
          "mae": 0.13145543852329494,
          "r2": 0.9290343995161933
        },
        "ratio_scale": {
          "ratio_rmse": 1.2005428918028245,
          "ratio_mae": 0.7051693559511527,
          "ratio_mean_error": 0.08729535531144071
        }
      },
      "stacking": {
        "log_scale": {
          "rmse": 0.18374868914138626,
          "mae": 0.13070657736595725,
          "r2": 0.929194366037761
        },
        "ratio_scale": {
          "ratio_rmse": 1.1845800256899106,
          "ratio_mae": 0.7003663847955511,
          "ratio_mean_error": 0.00900872705046666
        }
      },
      "ensemble_equal": {
        "log_scale": {
          "rmse": 0.18275238036671038,
          "mae": 0.13082009478812012,
          "r2": 0.9299601187049007
        },
        "ratio_scale": {
          "ratio_rmse": 1.1866811334260272,
          "ratio_mae": 0.701977269814074,
          "ratio_mean_error": 0.07626437326179183
        }
      },
      "ensemble_weighted": {
        "log_scale": {
          "rmse": 0.18327001422916234,
          "mae": 0.1309344290977807,
          "r2": 0.9295627902634764
        },
        "ratio_scale": {
          "ratio_rmse": 1.194549102669673,
          "ratio_mae": 0.7027002283319015,
          "ratio_mean_error": 0.08605487182841749
        }
      }
    }
  }
}