{
  "equal": {
    "pred_catboost": 0.3333333333333333,
    "pred_xgboost": 0.3333333333333333,
    "pred_optuna_lgbm": 0.3333333333333333
  },
  "optimized": {
    "pred_catboost": 0.10091396940981957,
    "pred_xgboost": 0.2079265987441346,
    "pred_optuna_lgbm": 0.6911594318460459
  }
}