{
  "equal": {
    "pred_xgboost": 0.5,
    "pred_stacking": 0.5
  },
  "optimized": {
    "pred_xgboost": 0.30431026947251505,
    "pred_stacking": 0.695689730527485
  }
}