{
  "methods": [
    "tree_models",
    "optuna",
    "catboost_optuna",
    "stacking"
  ],
  "run_name": "catboost__catboost_optuna__stacking",
  "validation": {
    "input_rows": 9881,
    "prediction_columns": [
      "pred_catboost",
      "pred_catboost_optuna",
      "pred_stacking"
    ],
    "weights": {
      "equal": {
        "pred_catboost": 0.3333333333333333,
        "pred_catboost_optuna": 0.3333333333333333,
        "pred_stacking": 0.3333333333333333
      },
      "optimized": {
        "pred_catboost": 0.0,
        "pred_catboost_optuna": 0.7982633299623195,
        "pred_stacking": 0.2017366700376806
      }
    },
    "models": {
      "catboost": {
        "log_scale": {
          "rmse": 0.18402986951028294,
          "mae": 0.1312801303699409,
          "r2": 0.9243591347884701
        },
        "ratio_scale": {
          "ratio_rmse": 1.1472738998741479,
          "ratio_mae": 0.6909062779525325,
          "ratio_mean_error": 0.08350759690240574
        }
      },
      "catboost_optuna": {
        "log_scale": {
          "rmse": 0.18253998255502343,
          "mae": 0.1296318612589384,
          "r2": 0.9255789383960201
        },
        "ratio_scale": {
          "ratio_rmse": 1.1381969039149458,
          "ratio_mae": 0.6826782974644647,
          "ratio_mean_error": 0.06959074399191935
        }
      },
      "stacking": {
        "log_scale": {
          "rmse": 0.18381410750364285,
          "mae": 0.12959340990081436,
          "r2": 0.9245363979429079
        },
        "ratio_scale": {
          "ratio_rmse": 1.1455484224822199,
          "ratio_mae": 0.6845028838382702,
          "ratio_mean_error": 0.024590639587599775
        }
      },
      "ensemble_equal": {
        "log_scale": {
          "rmse": 0.18283775932039345,
          "mae": 0.12961029484320602,
          "r2": 0.9253359347739718
        },
        "ratio_scale": {
          "ratio_rmse": 1.1387539510263407,
          "ratio_mae": 0.6831854677639833,
          "ratio_mean_error": 0.059946793519642376
        }
      },
      "ensemble_weighted": {
        "log_scale": {
          "rmse": 0.1824527316116068,
          "mae": 0.12930397052711629,
          "r2": 0.9256500653447568
        },
        "ratio_scale": {
          "ratio_rmse": 1.1366712622091584,
          "ratio_mae": 0.6811453710572828,
          "ratio_mean_error": 0.060929003069102976
        }
      }
    }
  },
  "test": {
    "input_rows": 9074,
    "prediction_columns": [
      "pred_catboost",
      "pred_catboost_optuna",
      "pred_stacking"
    ],
    "weights": {
      "equal": {
        "pred_catboost": 0.3333333333333333,
        "pred_catboost_optuna": 0.3333333333333333,
        "pred_stacking": 0.3333333333333333
      },
      "optimized": {
        "pred_catboost": 0.0,
        "pred_catboost_optuna": 0.7982633299623195,
        "pred_stacking": 0.2017366700376806
      }
    },
    "models": {
      "catboost": {
        "log_scale": {
          "rmse": 0.1822482923048892,
          "mae": 0.13157319038254786,
          "r2": 0.9303459694948302
        },
        "ratio_scale": {
          "ratio_rmse": 1.1746042545773019,
          "ratio_mae": 0.7018385183307175,
          "ratio_mean_error": 0.08122555757137954
        }
      },
      "catboost_optuna": {
        "log_scale": {
          "rmse": 0.18145869356836825,
          "mae": 0.13075942035795476,
          "r2": 0.9309482203205492
        },
        "ratio_scale": {
          "ratio_rmse": 1.1718268314254061,
          "ratio_mae": 0.6996598704192566,
          "ratio_mean_error": 0.06169280925200436
        }
      },
      "stacking": {
        "log_scale": {
          "rmse": 0.18374868914138626,
          "mae": 0.13070657736595725,
          "r2": 0.929194366037761
        },
        "ratio_scale": {
          "ratio_rmse": 1.1845800256899106,
          "ratio_mae": 0.7003663847955511,
          "ratio_mean_error": 0.00900872705046666
        }
      },
      "ensemble_equal": {
        "log_scale": {
          "rmse": 0.18175493400302709,
          "mae": 0.13052297430015994,
          "r2": 0.9307225752826649
        },
        "ratio_scale": {
          "ratio_rmse": 1.1711975760088082,
          "ratio_mae": 0.6978886510903077,
          "ratio_mean_error": 0.05147474453911964
        }
      },
      "ensemble_weighted": {
        "log_scale": {
          "rmse": 0.18151280651859758,
          "mae": 0.13047901795014927,
          "r2": 0.9309070302007463
        },
        "ratio_scale": {
          "ratio_rmse": 1.1709382398791202,
          "ratio_mae": 0.6982337220882886,
          "ratio_mean_error": 0.05154803324276265
        }
      }
    }
  }
}