{
  "equal": {
    "pred_catboost": 0.3333333333333333,
    "pred_catboost_optuna": 0.3333333333333333,
    "pred_stacking": 0.3333333333333333
  },
  "optimized": {
    "pred_catboost": 0.0,
    "pred_catboost_optuna": 0.7982633299623195,
    "pred_stacking": 0.2017366700376806
  }
}