{
  "methods": [
    "tree_models",
    "optuna",
    "stacking"
  ],
  "run_name": "xgboost__optuna_lgbm__stacking",
  "validation": {
    "input_rows": 9881,
    "prediction_columns": [
      "pred_xgboost",
      "pred_optuna_lgbm",
      "pred_stacking"
    ],
    "weights": {
      "equal": {
        "pred_xgboost": 0.3333333333333333,
        "pred_optuna_lgbm": 0.3333333333333333,
        "pred_stacking": 0.3333333333333333
      },
      "optimized": {
        "pred_xgboost": 0.08109392384740156,
        "pred_optuna_lgbm": 0.6958517561195079,
        "pred_stacking": 0.22305432003309053
      }
    },
    "models": {
      "xgboost": {
        "log_scale": {
          "rmse": 0.18433904995680434,
          "mae": 0.13100702619456764,
          "r2": 0.92410475953945
        },
        "ratio_scale": {
          "ratio_rmse": 1.173427019700242,
          "ratio_mae": 0.6968849115319923,
          "ratio_mean_error": 0.11857975099924811
        }
      },
      "optuna_lgbm": {
        "log_scale": {
          "rmse": 0.182570521679629,
          "mae": 0.1301192576910509,
          "r2": 0.925554034874514
        },
        "ratio_scale": {
          "ratio_rmse": 1.1413781854341953,
          "ratio_mae": 0.6852257490967316,
          "ratio_mean_error": 0.10307360045694254
        }
      },
      "stacking": {
        "log_scale": {
          "rmse": 0.18381410750364285,
          "mae": 0.12959340990081436,
          "r2": 0.9245363979429079
        },
        "ratio_scale": {
          "ratio_rmse": 1.1455484224822199,
          "ratio_mae": 0.6845028838382702,
          "ratio_mean_error": 0.024590639587599775
        }
      },
      "ensemble_equal": {
        "log_scale": {
          "rmse": 0.18270664344266824,
          "mae": 0.12961917164522813,
          "r2": 0.9254429819651845
        },
        "ratio_scale": {
          "ratio_rmse": 1.1449704887451808,
          "ratio_mae": 0.6850996518961273,
          "ratio_mean_error": 0.08327515457944706
        }
      },
      "ensemble_weighted": {
        "log_scale": {
          "rmse": 0.1823047510864911,
          "mae": 0.12951308201044648,
          "r2": 0.9257706212880207
        },
        "ratio_scale": {
          "ratio_rmse": 1.138019916131358,
          "ratio_mae": 0.6822594177201224,
          "ratio_mean_error": 0.08775290001860345
        }
      }
    }
  },
  "test": {
    "input_rows": 9074,
    "prediction_columns": [
      "pred_xgboost",
      "pred_optuna_lgbm",
      "pred_stacking"
    ],
    "weights": {
      "equal": {
        "pred_xgboost": 0.3333333333333333,
        "pred_optuna_lgbm": 0.3333333333333333,
        "pred_stacking": 0.3333333333333333
      },
      "optimized": {
        "pred_xgboost": 0.08109392384740156,
        "pred_optuna_lgbm": 0.6958517561195079,
        "pred_stacking": 0.22305432003309053
      }
    },
    "models": {
      "xgboost": {
        "log_scale": {
          "rmse": 0.18444265364473356,
          "mae": 0.13222000630900205,
          "r2": 0.9286585321873004
        },
        "ratio_scale": {
          "ratio_rmse": 1.2075783596809653,
          "ratio_mae": 0.7129082694703345,
          "ratio_mean_error": 0.09710848859125111
        }
      },
      "optuna_lgbm": {
        "log_scale": {
          "rmse": 0.18395613771537828,
          "mae": 0.13145543852329494,
          "r2": 0.9290343995161933
        },
        "ratio_scale": {
          "ratio_rmse": 1.2005428918028245,
          "ratio_mae": 0.7051693559511527,
          "ratio_mean_error": 0.08729535531144071
        }
      },
      "stacking": {
        "log_scale": {
          "rmse": 0.18374868914138626,
          "mae": 0.13070657736595725,
          "r2": 0.929194366037761
        },
        "ratio_scale": {
          "ratio_rmse": 1.1845800256899106,
          "ratio_mae": 0.7003663847955511,
          "ratio_mean_error": 0.00900872705046666
        }
      },
      "ensemble_equal": {
        "log_scale": {
          "rmse": 0.1832413800457086,
          "mae": 0.1309264637595093,
          "r2": 0.9295847988220773
        },
        "ratio_scale": {
          "ratio_rmse": 1.1903474222173362,
          "ratio_mae": 0.7030848085344092,
          "ratio_mean_error": 0.06548549476994467
        }
      },
      "ensemble_weighted": {
        "log_scale": {
          "rmse": 0.1832870978016503,
          "mae": 0.13089626568444968,
          "r2": 0.9295496579977609
        },
        "ratio_scale": {
          "ratio_rmse": 1.19178393727292,
          "ratio_mae": 0.7020712673010215,
          "ratio_mean_error": 0.07143774564948109
        }
      }
    }
  }
}