{
  "methods": [
    "tree_models",
    "optuna",
    "stacking"
  ],
  "run_name": "lgbm__xgboost__optuna_lgbm__stacking",
  "validation": {
    "input_rows": 9881,
    "prediction_columns": [
      "pred_lgbm",
      "pred_xgboost",
      "pred_optuna_lgbm",
      "pred_stacking"
    ],
    "weights": {
      "equal": {
        "pred_lgbm": 0.25,
        "pred_xgboost": 0.25,
        "pred_optuna_lgbm": 0.25,
        "pred_stacking": 0.25
      },
      "optimized": {
        "pred_lgbm": 0.19879209577130255,
        "pred_xgboost": 0.0484114074091031,
        "pred_optuna_lgbm": 0.6548695117978973,
        "pred_stacking": 0.09792698502169705
      }
    },
    "models": {
      "lgbm": {
        "log_scale": {
          "rmse": 0.18431929549222376,
          "mae": 0.1308637256055685,
          "r2": 0.924121025105603
        },
        "ratio_scale": {
          "ratio_rmse": 1.1587677073544498,
          "ratio_mae": 0.6927793228406177,
          "ratio_mean_error": 0.09645134471944164
        }
      },
      "xgboost": {
        "log_scale": {
          "rmse": 0.18433904995680434,
          "mae": 0.13100702619456764,
          "r2": 0.92410475953945
        },
        "ratio_scale": {
          "ratio_rmse": 1.173427019700242,
          "ratio_mae": 0.6968849115319923,
          "ratio_mean_error": 0.11857975099924811
        }
      },
      "optuna_lgbm": {
        "log_scale": {
          "rmse": 0.182570521679629,
          "mae": 0.1301192576910509,
          "r2": 0.925554034874514
        },
        "ratio_scale": {
          "ratio_rmse": 1.1413781854341953,
          "ratio_mae": 0.6852257490967316,
          "ratio_mean_error": 0.10307360045694254
        }
      },
      "stacking": {
        "log_scale": {
          "rmse": 0.18381410750364285,
          "mae": 0.12959340990081436,
          "r2": 0.9245363979429079
        },
        "ratio_scale": {
          "ratio_rmse": 1.1455484224822199,
          "ratio_mae": 0.6845028838382702,
          "ratio_mean_error": 0.024590639587599775
        }
      },
      "ensemble_equal": {
        "log_scale": {
          "rmse": 0.1826787803124576,
          "mae": 0.12960457340586812,
          "r2": 0.9254657204213157
        },
        "ratio_scale": {
          "ratio_rmse": 1.145181396403093,
          "ratio_mae": 0.6852908344081926,
          "ratio_mean_error": 0.08707360167878199
        }
      },
      "ensemble_weighted": {
        "log_scale": {
          "rmse": 0.18221749891677397,
          "mae": 0.1295075958164896,
          "r2": 0.9258416575547421
        },
        "ratio_scale": {
          "ratio_rmse": 1.1388900656138872,
          "ratio_mae": 0.6825802214192351,
          "ratio_mean_error": 0.09595706244796931
        }
      }
    }
  },
  "test": {
    "input_rows": 9074,
    "prediction_columns": [
      "pred_lgbm",
      "pred_xgboost",
      "pred_optuna_lgbm",
      "pred_stacking"
    ],
    "weights": {
      "equal": {
        "pred_lgbm": 0.25,
        "pred_xgboost": 0.25,
        "pred_optuna_lgbm": 0.25,
        "pred_stacking": 0.25
      },
      "optimized": {
        "pred_lgbm": 0.19879209577130255,
        "pred_xgboost": 0.0484114074091031,
        "pred_optuna_lgbm": 0.6548695117978973,
        "pred_stacking": 0.09792698502169705
      }
    },
    "models": {
      "lgbm": {
        "log_scale": {
          "rmse": 0.1859085116466475,
          "mae": 0.1326391466738368,
          "r2": 0.9275200534232623
        },
        "ratio_scale": {
          "ratio_rmse": 1.220937827673896,
          "ratio_mae": 0.7150262535426576,
          "ratio_mean_error": 0.09878867895433951
        }
      },
      "xgboost": {
        "log_scale": {
          "rmse": 0.18444265364473356,
          "mae": 0.13222000630900205,
          "r2": 0.9286585321873004
        },
        "ratio_scale": {
          "ratio_rmse": 1.2075783596809653,
          "ratio_mae": 0.7129082694703345,
          "ratio_mean_error": 0.09710848859125111
        }
      },
      "optuna_lgbm": {
        "log_scale": {
          "rmse": 0.18395613771537828,
          "mae": 0.13145543852329494,
          "r2": 0.9290343995161933
        },
        "ratio_scale": {
          "ratio_rmse": 1.2005428918028245,
          "ratio_mae": 0.7051693559511527,
          "ratio_mean_error": 0.08729535531144071
        }
      },
      "stacking": {
        "log_scale": {
          "rmse": 0.18374868914138626,
          "mae": 0.13070657736595725,
          "r2": 0.929194366037761
        },
        "ratio_scale": {
          "ratio_rmse": 1.1845800256899106,
          "ratio_mae": 0.7003663847955511,
          "ratio_mean_error": 0.00900872705046666
        }
      },
      "ensemble_equal": {
        "log_scale": {
          "rmse": 0.18343410349200515,
          "mae": 0.1309832723914595,
          "r2": 0.9294366030740946
        },
        "ratio_scale": {
          "ratio_rmse": 1.194137436168052,
          "ratio_mae": 0.7038523411480514,
          "ratio_mean_error": 0.07439809384522113
        }
      },
      "ensemble_weighted": {
        "log_scale": {
          "rmse": 0.18340199749589253,
          "mae": 0.13094531737059853,
          "r2": 0.929461301969679
        },
        "ratio_scale": {
          "ratio_rmse": 1.1955958524079868,
          "ratio_mae": 0.7028172997087004,
          "ratio_mean_error": 0.08353501699232836
        }
      }
    }
  }
}